id;name;descripcion;image;chapters;status;rank;gender;complete;in_disk;observations;ubication;code
5;One Punch Man;Accion, ver;media/uploads/2218.jpg;24;F;5;Ciencia Ficcion, Comedia, SuperHeroe;0;1;n/a;/;2218
6;Hidan no Aria A;Comedia, Echi ;media/uploads/392.jpg;13;F;2;n/a;1;1;;/;0392
7;Hantsu x Trash;Echii;media/uploads/2286.jpg;1;F;2;n/a;0;0;;/;2286
8;Hidan no Aria AA;Accion, Aventura;media/uploads/2241.jpg;6;F;2;n/a;0;1;a;/;2241
9;Lance N' Masques;Fantasia, para ver;media/uploads/2226.jpg;12;F;3;n/a;0;1;na;/;2226
10;Younh Black Jack;Drama, shonen. No la vi todavia;media/uploads/2227.jpg;12;F;2;n/a;0;0;na;/;2227
11;"Ore ga Ojousama Gakkou ni ""Shomin Sample"" Toshite Gets ♥ Sareta Ken";verla, comedia.;media/uploads/2244.jpg;12;F;4;n/a;0;1;na;/;2244
12;Taimadou Gakuen 35 Shiken Shoutai;na;media/uploads/2246.jpg;12;F;3;n/a;0;0;n/a;/;2246
13;Heavy Object;n/a;media/uploads/2228.jpg;24;F;2;Mecha, Comedia;0;1;n/a;/;2228
14;Planeters;n/a;media/uploads/2408.jpg;0;F;2;Na;0;1;na;/;2408
15;Saijaku Muhai no Bahamut;Mecha;media/uploads/2378.jpg;0;F;2;Echi, Comedia, Escolar, Haren, Fantasia, Romance;0;1;na;/;2378
16;Schwarzesmarken;na;media/uploads/2377.jpg;0;F;3;Mecha, Militar;0;1;na;/;2377
17;Muv-Luv Alternative Total Eclipse;na;media/uploads/814.jpg;25;F;3;Mecha, Militar;0;0;na;/;0814
18;Kono Subarashii Sekai ni Shukufuku wo!;na;media/uploads/Cover.jpg;0;F;5;Comedia, Fantasia;0;1;na;/;2381
19;Gate: Jieita Kanochi nite, Kakutatakaeri;na;media/uploads/2086.jpg;12;F;5;Militar, Comedia, Fantasia;0;1;na;/;2086
20;Gate: Jieitai Kanochi nite, Kaku Tatakaeri - Enryuu-hen;na;media/uploads/2370.jpg;0;F;4;Militar, Comedia, Fantasia;0;0;na;/;2370
21;Hai to Gensou no Grimgar;na;media/uploads/2376.jpg;12;F;3;Fantasia, Accion, Aventura, Drama;0;1;na;/;2376
22;Reikenzan: Hoshikuzu-tachi no Utage;na;media/uploads/2368.jpg;12;F;3;Fantasia, Aventura, Comedia;0;0;na;/;2368
23;Dagashi Kashi;Comedia tienda caramelos;media/uploads/2365.jpg;12;F;4;Comedia, Shonen;0;1;na;/;2365
24;Phantasy Star Online 2 The Animation;na;media/uploads/2364.jpg;12;F;3;Fantasia;0;1;na;/;2364
25;Active Raid: Kidou Kyoushuushitsu Dai Hakkei;Trenes  y Mechas;media/uploads/2360.jpg;12;F;3;Mecha, Ciencia Ficcion;0;1;na;/;2360
26;Musaigen no Phantom World;na;media/uploads/2357.jpg;12;F;4;Accion, Fantasia, Sobrenatural;0;1;na;/;2357
27;Luck and Logic;na;media/uploads/2355.jpg;12;F;4;Accion, Fantasia;0;1;na;/;2355
28;Macross Delta;na;media/uploads/2354.jpg;12;F;2;Accion, Musica, Militar, Mecha;0;1;na;/;2354
29;Mobile Suit Gundam Thunderbolt;na;media/uploads/2353.jpg;4;F;5;Mecha, Militar;1;1;na;/;2353
30;Gundam Build Fighters;na;media/uploads/1166.jpg;25;F;5;Mecha;0;1;na;/;1166
31;Garo Hono no Kokuin;na;media/uploads/1611.jpg;24;F;3;Accion, Sobrenatural;0;1;na;/;1611
32;Garo Guren no Tsuki;na;media/uploads/2248.jpg;24;F;3;Accion, Sobrenatural;0;1;na;/;2248
33;Seitokai Yakuindomo;na;media/uploads/seitokai-yakuindomo.jpg;12;F;4;na;0;0;na;Toshiba Ext:/Series/;0226
34;K Project;na;media/uploads/K.Project.full.1295081.jpg;12;F;4;na;0;0;na;/;0864
35;Kill la Kill;na;media/uploads/Killlakillpromo.jpg;0;F;4;na;0;0;na;/;1127
36;Gundam Builder Fighter Try;na;media/uploads/Gundam_Build_Fighters_Try_DVD1.jpg;25;F;5;Mecha;0;0;ns;/;1631
37;Macross 7;na;media/uploads/default_image.png;49;F;4;na;0;0;na;/;1585
38;Macross 7  - Encore;na;media/uploads/wvez-MACROSS7Encoreport_zpsfd474817.jpg;2;F;2;na;1;1;na;/;0
39;Macross 7 - Saikyou Onna no Kantai;na;media/uploads/Macross_encore.jpg;1;F;2;na;0;0;na;/;0
40;Macross 7 - Dynamite;na;media/uploads/Macross7Dynamite.jpg;4;F;4;na;1;1;na;/;1588
41;11 Eyes;na;media/uploads/11_Eyes_01-Portada.jpg;13;F;3;Sobrenatural;1;1;na;/;0146
42;Seitokai Yakuindomo 2;na;media/uploads/1389604859_seitokai-yakuindomo-2.jpg;0;F;4;Escolares, Comedia;0;0;na;/;1208
43;Robot Girls Z;na;media/uploads/53141.jpg;0;F;3;na;0;0;na;/;1221
44;Niseiko;na;media/uploads/Nisekoi.jpg;0;F;4;Escolares, Comedia, Romance;0;0;na;/;1237
45;Gekkan Shoujo Nozaki-kun;na;media/uploads/gekkan-shoujo-nozaki-kun.jpg;12;F;3;Escolar, Comedia, Romance;0;0;na;/;1429
46;Kuroko no Basket 3;na;media/uploads/kuroko-no-basket-3.jpg;26;F;4;Deportes;0;0;na;/;1799
47;Kantai Collection: KanColle;na;media/uploads/kantai-collection-kancolle.jpg;0;F;3;Militar, Sobrenatural, Comedia;0;0;na;/;1783
48;World Trigger;na;media/uploads/1623.jpg;0;F;3;Sobrenatural, Accion;0;0;na;/;1623
49;Mangaka-san to Assistant-san to;1307;media/uploads/mangaka-san-assistant-san_1.jpg;18;F;4;Comedia;0;0;na;/;1783
50;Kore Wa Zombie Desu Ka?;na;media/uploads/kore-wa-zombie-desu-ka.jpg;0;F;5;Magia, Comedia, Sobrenatural;0;0;na;/;0242
51;Kore Wa Zombie Desu Ka? Jigokuhen;0;media/uploads/kore-wa-zombie-desu-ka-jigokuhen.jpg;0;F;5;Magia, Comedia, Sobrenatural;0;0;0;/;0764
52;Macross Frontier;0;media/uploads/macross-frontier.jpg;25;F;4;Mecha. Militar,;0;0;q;/;0307
53;Macross Frontier: Itsuwari No Utahime;0;media/uploads/macross-frontier-itsuwari-no-utahime_3.jpg;1;F;3;Mecha. Militar,;0;0;0;/;0884
54;Macross Frontier: Sayonara No Tsubasa;0;media/uploads/macross-frontier-sayonara-no-tsubasa_1.jpg;1;F;3;Mecha. Militar;0;0;0;/;0845
55;Hyakka Ryouran Samurai Girls;na;media/uploads/hyakka-ryouran-samurai-girls.jpg;18;F;4;na;1;1;na;/;0188
56;Hyakka Ryouran: Samurai After;0;media/uploads/hyakka-ryouran-samurai-after.jpg;1;F;3;0;0;0;0;/;1842
57;Hyakka Ryouran Samurai Bride;0;media/uploads/993.jpg;0;F;3;0;0;1;0;/;0993
58;Macross Frontier Music Clip Shuu: Nyankuri;0;media/uploads/1589.jpg;1;F;3;0;0;0;0;/;1589
59;Macross FB7: Ginga Rukon - Ore no Uta wo Kike!;0;media/uploads/default_image.png;1;F;3;0;0;0;0;/;1587
60;Kidou Senshi Gundam: Tekketsu no Orphans;0;media/uploads/kidou-senshi-gundam-tekketsu-no-orphans.jpg;25;F;4;Mecha, Militar;0;1;0;/;2237
61;Big Orden;na;media/uploads/2462.jpg;0;F;5;na;0;0;na;/;2462
62;netoge no yome wa onnanoko ja nai to omotta;na;media/uploads/2449_1.jpg;0;F;5;MORPG, Comedia, Romance;0;0;sa;/;2449
63;Gakusen Toshi Asterisk Season 2;na;media/uploads/2425.jpg;0;F;4;Ciencia Ficcion;0;0;na;/;2425
64;Ao no Kanata no Four Rhythm;NA;media/uploads/2380.jpg;0;F;2;na;0;0;na;/;2380
65;Aoki Hagane No Arpeggio: Ars Nova Cadenza;Segunda película de Aoki Hagane no Arpeggio: Ars Nova;media/uploads/aoki-hagane-no-arpeggio-ars-nova-cadenza.jpg;1;F;4;Ciencia Ficcion, Militar;1;1;na;/;2427
66;Hungry Heart: Wild Striker;Serie de futbol que pasaban por animax;media/uploads/hungry-heart-wild-striker.jpg;52;F;4;Deportes;1;1;na;/;9999
67;Flying Witch;na;media/uploads/flying-witch.jpg;12;F;2;Fantasia;0;0;na;/;2457
68;Koutetsujou No Kabaneri;sin descripción;media/uploads/koutetsujou-no-kabaneri.jpg;0;F;5;sin especificar;0;0;sin observaciones;/;0
69;Gundam Unicorn RE:0096;sin descripción;media/uploads/mobile-suit-gundam-unicorn-re0096.jpg;0;F;5;Mecha, Militar;0;0;sin observaciones;/;2427
70;joker-game;sin descripción;media/uploads/joker-game.jpg;0;F;2;sin especificar;0;0;sin observaciones;/;0
71;Kuromukuro;sin descripción;media/uploads/kuromukuro.jpg;0;F;4;sin especificar;0;0;sin observaciones;/;2447
72;Sousei No Onmyouji;sin descripción;media/uploads/sousei-no-onmyouji.jpg;0;A;4;sin especificar;0;0;sin observaciones;/;2241
73;Seisen Cerberus: Ryuukoku No Fatalités;sin descripción;media/uploads/seisen-cerberus-ryuukoku-no-fatalites.jpg;0;F;3;sin especificar;0;0;sin observaciones;/;0
74;Re:Zero Kara Hajimeru Isekai Seikatsu;En la historia, Subaru Natsuki es un estudiante corriente de instituto que se pierde en un mundo alternativo, donde una preciosa chica de pelo plateado lo rescata. Para devolverle el favor decide quedarse con ella, pero el destino con el que carga la muchacha es mucho más pesado de lo que Subaru puede imaginar. Los enemigos atacan sin descanso, uno tras otro, hasta que finalmente mueren tanto él como la chica. Es entonces cuando Subaru descubre que tiene el poder de dar marcha atrás en el tiempo y volver al inicio de la historia, al punto en el que llegó al mundo desconocido. El problema es que él es el único que recuerda lo ocurrido.;media/uploads/rezero-kara-hajimeru-isekai-seikatsu.jpg;25;F;5;sin especificar;0;1;sin observaciones;/;2396
75;Hundred;sin descripción;media/uploads/hundred.jpg;0;F;3;sin especificar;0;0;sin observaciones;/;2438
76;Date A Live Movie: Mayuri Judgment;sin descripción;media/uploads/date-live-movie-mayuri-judgment.jpg;0;F;4;sin especificar;0;0;sin observaciones;/;2413
77;Date a Live;"Itsuka Shido es un niño de escuela secundaria. Durante el último día de las vacaciones de primavera, una explosión destruye la ciudad y una chica con una armadura aparece delante de él. La hermana en ley de Shido, Kotori, le dice que la chica se llama ""Criatura especial del desastre"" , en pocas palabras: "" Espíritu que causa un sismo en el tiempo-espacio"". Kotori reveló que ella es la comandante de la organización anti- espíritu denominada Ratatosk y le ordena ir a una cita con la chica de la armadura, diciéndole: ""No te pido que vallas a vencer el espíritu. Sólo deja caer el amor entres ustedes, es la única manera de salvar el mundo.""";media/uploads/date-live.jpg;12;F;5;Acción, Aventura, Ecchi, Romance;1;1;sin observaciones;/;097
78;Date a Live II;sin descripción;media/uploads/date-live-ii.jpg;12;F;5;sin especificar;1;1;sin observaciones;/;1323
79;Gakusen Toshi Asterisk;sin descripción;media/uploads/gakusen-toshi-asterisk.jpg;12;F;3;sin especificar;0;0;sin observaciones;/;2230
80;God Eater;sin descripción;media/uploads/2098.jpg;0;F;4;sin especificar;0;0;sin observaciones;/;2098
81;Yowamushi Pedal;Carreras Bicicletas;media/uploads/yowamushi-pedal_1.jpg;38;F;5;Deportes;1;1;sin observaciones;/;0
82;Yowamushi Pedal Grande Road;sin descripción;media/uploads/yowamushi-pedal-grande-road.jpg;24;F;4;Deportes;0;0;sin observaciones;/;0
83;Scrapped Princess;"La historia se desarrolla en torno de una chica llamada Pacífica Casull. Ella nació dentro de una familia real del reino Leinwan y fue posteriormente abandonada. La profecía Grendel 5111 decía que ella era ""El veneno que destruiría el mundo"" a sus dieciséis años. Como consecuencia, ella fue soltada desde un precipicio cuando era una infante. No obstante sobrevivió y ganó el nombre de ""La Princesa Abandonada"" debido a su destino.";media/uploads/1961.jpg;24;F;3;Fantasia;1;1;sin observaciones;/;1961
84;Absolute Duo;"Un chico llamado Tōru Kokonoe decide, después de perder a alguien valioso en un incidente aterrador, que quiere ser más fuerte y se inscribe en una escuela especial donde las personas manifiestan sus almas como armas llamadas Blaze. Las personas con esta inusual habilidad son denominados ""Exceed"" y este fenómeno se da en 1 de cada 1000 personas. Tōru es capaz de producir su propio Blaze, pero por alguna razón se manifiesta como un escudo en lugar de un arma.";media/uploads/68839l.jpg;12;F;4;Fantasia, Escolar;1;1;sin observaciones;/;1779
85;After War Gundam X;sin descripción;media/uploads/war-gundam-x-complete-episode-1-39-dvd-original-box-set-kokyh-1409-28-kokyh35.jpg;39;F;2;Mecha, Militar;1;1;sin observaciones;/;1867
86;Akame ga Kill;sin descripción;media/uploads/ch_398272_0.jpg;24;F;5;Fantasia;1;1;sin observaciones;/;1428
87;Akatsuki no Yona;sin descripción;media/uploads/akatsuki_no_yona_anime_poster.jpg;24;F;2;Fantasia;0;1;sin observaciones;/;1628
88;Aldnoah Zero;sin descripción;media/uploads/Aldnoah.Zero-2.jpg;12;F;5;Mecha, Militar;1;1;sin observaciones;/;1422
89;Aldnoah Zero 2;sin descripción;media/uploads/aldonah-zero.jpg;0;F;5;Mecha, Militar;0;0;sin observaciones;/;1796
92;Amagi Brilliant Park;sin descripción;media/uploads/79593.jpg;13;F;4;Comedia, Romance;1;1;sin observaciones;/;1698
93;Area 88;sin descripción;media/uploads/Area_88_Original_OVA_Series.jpg;15;F;5;Aviones, Militar;1;1;sin observaciones;/;0428
94;Shirogane no Ishi Argevollen;sin descripción;media/uploads/Argevollen_poster.jpg;24;F;3;Mecha, Militar;0;1;sin observaciones;/;1414
95;Boku wa Tomodachi ga Sukunai;sin descripción;media/uploads/11441.jpg;13;F;5;Comedia, Romance;1;1;sin observaciones;/;0634
96;Boku wa Tomodachi ga Sukunai Next;sin descripción;media/uploads/boku-wa-tomodachi-ga-sukunai-next-833-1372026254.jpg;12;F;5;Comedia, Romance;1;1;sin observaciones;/;0925
97;Gundam Seed;sin descripción;media/uploads/gundam-seed_1.jpg;0;F;4;Mech;0;0;sin observaciones;/;0959
98;Gundam Seed Destiny;sin descripción;media/uploads/74890-2.jpg;51;F;4;sin especificar;0;0;sin observaciones;/;0960
99;Mobile Suit Gundam 0079;sin descripción;media/uploads/DVD-0079-FullTV-2.jpg;43;F;5;Mecha, Militar;1;1;sin observaciones;/;1818
100;K Project Mising King;Pelicula;media/uploads/k-missing-kings.jpg;1;F;4;Ciencia Ficcion;0;0;sin observaciones;/;1983
101;Yowamushi Pedal Movie;sin descripción;media/uploads/2472.jpg;1;F;4;Deportes;0;0;sin observaciones;/;2472
102;Oreimo;sin descripción;media/uploads/850af2bf299e01ad8353220cceabd5db901919abde8d406b30dbe5167aad4552_large.jpg;0;F;2;sin especificar;0;0;sin observaciones;/;0
103;Oreimo Season 2;sin descripción;media/uploads/oreimo.jpg;0;F;2;sin especificar;0;0;sin observaciones;/;0
104;Kenichi;sin descripción;media/uploads/default_image.png;0;F;2;sin especificar;0;0;sin observaciones;/;0334
105;Chuunibyou demo Koi ga Shitai!;sin descripción;media/uploads/default_image.png;0;F;2;sin especificar;0;0;sin observaciones;/;0860
106;Takanashi Rikka Kai: Gekijouban Chuunibyou demo Koi ga Shitai!;Resumen de la primera temporada vista desde el punto de Rikka;media/uploads/default_image.png;0;F;4;Escolares, Comedia;0;0;sin observaciones;/;1267
107;Chuunibyou Demo Koi ga Shitai!: Kirameki no... Slapstick Noe;Extra Incluido en DVD/Blue Ray;media/uploads/1046.jpg;0;F;4;Escolares, Comedia, Fantasia;0;0;sin observaciones;/;1046
108;Chuunibyou demo Koi ga Shitai!: Depth of Field - Ai to Nikus;Especiales;media/uploads/897.jpg;7;F;4;Es;0;0;sin observaciones;/;0897
109;Nisekoi 2;sin descripción;media/uploads/main.jpg;12;F;4;Escolares, Comedia, Romance, Haren;0;0;sin observaciones;/;1915
110;Maken-Ki!;sin descripción;media/uploads/144267-L-LO.jpg;12;F;3;Escolares, Comedia, Romance, Haren, Echi;0;0;sin observaciones;/;0649
111;Maken-ki! Ovas;Ovas;media/uploads/742.jpg;2;F;2;Escolar, Magia, Echi;0;0;sin observaciones;/;0742
112;Maken-Ki! Two;sin descripción;media/uploads/1242.jpg;0;F;2;sin especificar;0;0;sin observaciones;/;1242
113;Maken-Ki! Two Specials;sin descripción;media/uploads/1338.jpg;5;F;4;echi;0;0;sin observaciones;/;1388
114;Fairy Tail;sin descripción;media/uploads/5.jpg;175;F;3;Shonen;0;0;sin observaciones;/;0005
115;Fairy  Tail Zero;sin descripción;media/uploads/2371.jpg;0;F;2;sin especificar;0;0;sin observaciones;/;2371
116;Fairy Tail Ovas;sin descripción;media/uploads/407.jpg;0;F;2;sin especificar;0;0;sin observaciones;/;0407
117;Fairy Tail: Houou no Miko;sin descripción;media/uploads/937.jpg;0;F;2;sin especificar;0;0;sin observaciones;/;0937
118;Fairy Tail (2014);sin descripción;media/uploads/1290.jpg;102;F;2;Shonen;0;0;sin observaciones;/;1290
119;mahouka koukou no rettousei;sin descripción;media/uploads/61039l.jpg;0;F;2;sin especificar;0;0;sin observaciones;/;1308
120;Kekkai Sensen;sin descripción;media/uploads/Kekkai_Sensen_Anime_Key_Visual.jpg;13;F;4;sin especificar;0;0;sin observaciones;/;1899
121;Gatchaman insight Crowds;sin descripción;media/uploads/default_image.png;0;F;2;sin especificar;0;0;sin observaciones;/;2094
122;Code Geas;sin descripción;media/uploads/default_image.png;0;F;2;sin especificar;0;0;sin observaciones;/;0029
123;Code Geass: Nunnally in Wonderland;sin descripción;media/uploads/default_image.png;0;F;2;sin especificar;0;0;sin observaciones;/;0841
124;Code Geass Gaiden - Bokoku no Akito;sin descripción;media/uploads/default_image.png;0;F;2;sin especificar;0;0;sin observaciones;/;0854
125;Code Geass R2;sin descripción;media/uploads/default_image.png;0;F;2;sin especificar;0;0;sin observaciones;/;0030
126;Chuunibyou demo Koi ga Shitai! Ren;sin descripción;media/uploads/default_image.png;0;F;2;sin especificar;0;0;sin observaciones;/;1222
127;Bokusatsu Tenshi Dokuro-chan;sin descripción;media/uploads/default_image.png;0;F;4;Comedia;0;0;sin observaciones;/;0206
128;Bokusatsu Tenshi Dokuro-chan 2 Ovas;sin descripción;media/uploads/default_image.png;0;F;2;sin especificar;0;0;sin observaciones;/;0207
129;Date a Live Encore Ova;sin descripción;media/uploads/1755.jpg;0;F;4;sin especificar;0;0;sin observaciones;/;1755
130;Gugure! Kokkuri-san;sin descripción;media/uploads/c6a0efcba9729815e1dafcc8fcf13a6b.jpg;0;F;4;sin especificar;0;0;sin observaciones;/;1624
131;Aoharu x Kikanjuu;sin descripción;media/uploads/Aoharu_x_Kikanjuu.png;0;F;2;sin especificar;0;0;sin observaciones;/;2080
132;Aoharu x Kikanjuu Special;sin descripción;media/uploads/Aoharu_x_Kikanjuu_Xx3xVYy.png;0;F;2;sin especificar;0;0;sin observaciones;/;2343
133;Kimi ga Aruji de Shitsuji ga Ore de;sin descripción;media/uploads/default_image.png;0;F;4;sin especificar;0;0;sin observaciones;/;1771
134;Maji de Watashi ni Koi Shinasai!!;sin descripción;media/uploads/default_image.png;0;F;2;sin especificar;0;0;sin observaciones;/;0642
135;Himouto Umaruchan;sin descripción;media/uploads/ab21e2b37d995124ea4a77f51f81becc1436371805_full.jpg;13;F;5;sin especificar;0;1;sin observaciones;/;2111
136;kangoku Gakuen;sin descripción;media/uploads/kangoku-gakuen-confirma-su-estreno-para-el-10-de-julio.jpg;0;F;4;sin especificar;0;0;sin observaciones;/;2114
137;Gangsta;sin descripción;media/uploads/tumblr_nljeld8jDZ1sqqtwzo1_1280.png;0;F;2;sin especificar;0;0;sin observaciones;/;2076
138;Rokka no Yuusha;sin descripción;media/uploads/rokka_no_yuusha-online.jpg;0;F;2;sin especificar;0;0;sin observaciones;/;2095
139;Charlotte;sin descripción;media/uploads/Charlotte_anime.jpg;14;F;5;sin especificar;0;0;sin observaciones;/;2091
140;K Project Return of Kings;sin descripción;media/uploads/default_image.png;0;F;2;sin especificar;0;0;sin observaciones;/;2234
141;Hetalia: The Beautiful World;sin descripción;media/uploads/default_image.png;0;F;2;sin especificar;0;0;sin observaciones;/;0935
142;Hetalia World Series;sin descripción;media/uploads/default_image.png;0;F;2;sin especificar;0;0;sin observaciones;/;1389
143;Hetalia Axis Powers;sin descripción;media/uploads/default_image.png;0;F;2;sin especificar;0;0;sin observaciones;/;1387
144;Hetalia Axis Powers Paint it Wite;sin descripción;media/uploads/default_image.png;0;F;2;sin especificar;0;0;sin observaciones;/;1388
145;Hetalia: The  World Twinkle;sin descripción;media/uploads/default_image.png;0;F;2;sin especificar;0;0;sin observaciones;/;2124
146;Strike The blood;sin descripción;media/uploads/83fd66cede2723d350243459e2b241ce1380849787_full.jpg;24;F;4;sin especificar;0;0;sin observaciones;/;1143
147;Strike the Blood: Valkyria no Oukoku-hen;sin descripción;media/uploads/default_image.png;2;F;4;sin especificar;0;0;sin observaciones;/;2331
148;Jitsu wa Watashi wa;sin descripción;media/uploads/default_image.png;13;F;2;sin especificar;0;0;sin observaciones;/;2103
149;Kuusen Madoushi Kouhosei no Kyoukan;sin descripción;media/uploads/default_image.png;13;F;3;sin especificar;0;0;sin observaciones;/;2109
150;Fate Zero;sin descripción;media/uploads/default_image.png;13;F;5;sin especificar;0;0;sin observaciones;/;0638
151;Fate Zero 2;sin descripción;media/uploads/default_image.png;12;F;5;sin especificar;0;0;sin observaciones;/;0773
152;Fate Stay Night;sin descripción;media/uploads/default_image.png;0;F;2;sin especificar;0;0;sin observaciones;/;0150
153;Fate Stay Night Unlimite Blade Works Movie;sin descripción;media/uploads/default_image.png;0;F;4;sin especificar;0;0;sin observaciones;/;0263
154;Fate Stay Night Unlimite Blade Works;sin descripción;media/uploads/default_image.png;12;F;2;sin especificar;0;0;sin observaciones;/;1618
155;Fate Stay Night Unlimite Blade Works 2do Season;sin descripción;media/uploads/default_image.png;13;F;5;sin especificar;0;0;sin observaciones;/;1897
156;Tsukihime, Lunar Legend;sin descripción;media/uploads/default_image.png;0;F;2;sin especificar;0;0;sin observaciones;/;0343
157;Kara no Kyoukai - the Garden of sinners;sin descripción;media/uploads/default_image.png;9;F;2;sin especificar;0;0;sin observaciones;/;0704
158;Carnival Phantasm;sin descripción;media/uploads/default_image.png;12;F;2;Comedia;0;0;sin observaciones;/;0627
159;Girls und Panzer;sin descripción;media/uploads/fcc618e79bb56e87e456a6604040fe451351543013_full.jpg;12;F;3;sin especificar;0;0;sin observaciones;/;0879
160;Ore no Kanojo to Osananajimi ga Shuraba Sugiru;sin descripción;media/uploads/60CE58251.jpg;13;F;5;Escolares, Comedia, Romance;1;1;sin observaciones;/;0910
161;Kara no Kyoukai - the Garden of sinners Movie;sin descripción;media/uploads/default_image.png;0;F;2;sin especificar;0;0;sin observaciones;/;0
162;Qualidea Code;La historia toma lugar en un mundo donde los humanos se encuentran en una guerra contra un enemigo al que llaman UNKNOWN, y se centra en unos jóvenes que, cuando los UNKOWN comenzaron su invasión, fueron criogenizados por su protección. Cuando estos despertaron, descubrieron que habían adquirido poderes sobrenaturales, y ahora se dedican a defender los últimos bastiones del país , las ciudades de Tokyo, Kanagawa, y Chiba, luchando en batallas contra los UNKNOWN, que aparecen a través de la Tokyo Bay Gate.;media/uploads/2516.jpg;12;F;4;sin especificar;0;0;sin observaciones;/;2516
163;Shokugeki no Souma;sin descripción;media/uploads/default_image.png;25;F;5;Comedia, Cocina;0;0;sin observaciones;/;1892
164;Shokugeki no Souma Ni no Sara;sin descripción;media/uploads/Shokugeki-no-Soma-Ni-no-Sara-imagen-promocional.jpg;0;F;5;Comedia, Cocina;0;0;sin observaciones;/;2484
165;Fate/kaleid liner Prisma Illya;sin descripción;media/uploads/default_image.png;0;F;2;sin especificar;0;0;sin observaciones;/;1068
166;Fate/kaleid liner Prisma Illya Specials;sin descripción;media/uploads/default_image.png;5;F;2;sin especificar;0;0;sin observaciones;/;1205
167;Servamp;sin descripción;media/uploads/default_image.png;0;F;3;sin especificar;0;0;sin observaciones;/;0
168;Masou Gakuen HxH;sin descripción;media/uploads/default_image.png;0;F;2;sin especificar;0;0;sin observaciones;/;0
169;Taboo Tattoo;sin descripción;media/uploads/default_image.png;0;F;2;sin especificar;0;0;sin observaciones;/;0
170;D Gray-man Hallow;sin descripción;media/uploads/d-gray-man-hallow-presenta-su-primer-trailer-y-se-estrenara-en-julio.jpg;0;F;3;sin especificar;0;0;sin observaciones;/;2496
171;D Gray-man;sin descripción;media/uploads/D.Gray-man.png;103;F;4;sin especificar;0;0;sin observaciones;/;0034
172;Tales of Zestiria the X;sin descripción;media/uploads/default_image.png;0;F;4;sin especificar;0;0;sin observaciones;/;0
173;Fukigen na Mononokean;sin descripción;media/uploads/2481.jpg;13;F;3;sin especificar;0;1;sin observaciones;/;2481
174;New Game;sin descripción;media/uploads/default_image.png;0;F;2;sin especificar;0;0;sin observaciones;/;0
175;Fate/Kaleid Liner Prisma☆Illya 3rei!!;sin descripción;media/uploads/2503.jpg;12;F;5;sin especificar;0;1;sin observaciones;/;2503
176;Kaichou wa maid sama;sin descripción;media/uploads/default_image.png;0;F;2;sin especificar;0;0;sin observaciones;/;0
177;Fate/Kaleid Liner Prisma☆Illya Zwei!;sin descripción;media/uploads/default_image.png;0;F;2;sin especificar;0;0;sin observaciones;/;1441
178;Days;sin descripción;media/uploads/Una-pagina-de-streaming-francesa-lista-el-anime-de-DAYS-en-24-episodios.jpg;0;F;3;Deportes;0;0;sin observaciones;/;2489
179;ReLife;sin descripción;media/uploads/default_image.png;0;F;4;sin especificar;0;0;sin observaciones;/;0
180;Bakuman Season I;sin descripción;media/uploads/bakuman.jpg;25;F;2;sin especificar;1;1;sin observaciones;/;0104
181;Chain Chronicle: Haecceitas No Hikari;sin descripción;media/uploads/Chain-Chronicle--Haecceitas-no-Hikari-Part-3.jpg;0;A;3;Magia, Guerra, Sobrenatural;0;1;sin observaciones;/;0
182;Bakuman Season II;sin descripción;media/uploads/bakuman-2.jpg;24;F;2;sin especificar;0;0;sin observaciones;/;0639
183;Bakuman Season III;sin descripción;media/uploads/43309l.jpg;25;F;2;sin especificar;1;1;sin observaciones;/;0872
184;Hatsukoi Monster;sin descripción;media/uploads/2486.jpg;12;F;2;sin especificar;0;0;sin observaciones;/;2486
185;Kono Subarashii Sekai Ni Shukufuku Wo! 2;sin descripción;media/uploads/Kono_Subarashii_Sekai_ni_Shukufuku_wo_2.jpg;0;A;5;Comedia;0;1;sin observaciones;/;2631
186;Kobayashi-San Chi No Maid Dragon;sin descripción;media/uploads/Kobayashi-san_Chi_no_Maid_Dragon.jpg;0;A;4;sin especificar;0;1;sin observaciones;/;2630
187;ACCA: 13-Ku Kansatsu-Ka;sin descripción;media/uploads/ACCA-_13-ku_Kansatsu-ka.jpg;0;A;4;sin especificar;0;1;sin observaciones;/;2624
188;Akiba's Trip The Animation;sin descripción;media/uploads/Akibas_Trip_The_Animation.jpg;0;A;3;sin especificar;0;1;sin observaciones;/;2600
189;Granblue Fantasy The Animation;sin descripción;media/uploads/Granblue_Fantasy_The_Animation.jpg;2;A;4;sin especificar;0;1;sin observaciones;/;2636
190;Rewrite: Moon And Terra 2nd Season;sin descripción;media/uploads/Rewrite-_Moon_and_Terra.jpg;0;A;5;sin especificar;0;1;sin observaciones;/;2635
191;Tiger Mask W;sin descripción;media/uploads/Tiger_Mask_W.jpg;0;A;4;sin especificar;0;0;sin observaciones;/;0
192;ViVid Strike!;sin descripción;media/uploads/ViVid_Strike.jpg;12;F;3;sin especificar;0;1;sin observaciones;/;2551
193;Ben-To;sin descripción;media/uploads/ben-to.jpg;14;F;4;sin especificar;1;1;sin observaciones;/;0647
194;Blue Drop;sin descripción;media/uploads/blue-drop.jpg;13;F;3;sin especificar;1;1;sin observaciones;/;0272
195;Hoshizora e Kakaru Hashi;sin descripción;media/uploads/388.jpg;13;F;3;sin especificar;1;1;sin observaciones;/;0388
196;Okusama ga Seitokaichou!+!;sin descripción;media/uploads/2561.jpg;12;F;5;sin especificar;0;1;sin observaciones;/;0
197;Shuumatsu no Izetta;sin descripción;media/uploads/2554.jpg;12;F;2;sin especificar;0;0;sin observaciones;/;2554
198;Keijo!!!!!!!!;sin descripción;media/uploads/2590.jpg;12;F;3;sin especificar;0;1;sin observaciones;/;2590
199;Tokyo Ravens;sin descripción;media/uploads/1168.jpg;24;F;5;sin especificar;1;1;sin observaciones;/;1168
200;Tokio Ravens Specials;sin descripción;media/uploads/default_image.png;2;F;3;sin especificar;0;0;sin observaciones;/;0
201;Baby Steps;sin descripción;media/uploads/1285.jpg;25;F;5;Deportes;1;1;sin observaciones;/;1285
202;Baby Steps 2nd Season;sin descripción;media/uploads/1896.jpg;25;F;5;Deportes;1;1;sin observaciones;/;1896
203;Hataraku Maou-sama!;El rey demonio llamado Sadao está a un paso de conquistar su mundo alternativo cuando se transporta al Tokyo de nuestro mundo. Él termina trabajando a tiempo parcial en un restaurante de comida rápida a fin de mes. Con el fin de conquistar Japón, tiene que dar el primer paso y pasar de un empleado temporal a un empleado completo. Mientras tanto, la heroína Emilia llegó a Japón también, en persecución de Sadao.;media/uploads/986.jpg;13;F;5;sin especificar;1;1;sin observaciones;/;0986
204;Mobile Suit Gundam: The Origin;sin descripción;media/uploads/1846.jpg;0;F;5;Mecha, Militar;1;1;sin observaciones;/;1846
205;Kidou Senshi Gundam: Tekketsu no Orphans 2nd Season;sin descripción;media/uploads/2557.jpg;0;A;4;Mecha, Militar;0;0;sin observaciones;/;2557
206;Mobile Suit Gundam Thunderbolt;sin descripción;media/uploads/2353_hpzzb5g.jpg;4;F;5;Mecha, Militar;0;0;sin observaciones;/;2353
207;Yoake Mae Yori Ruri Iro Na -Crescent Love-;Despues del primer intento de colonizar la Luna, se desató una horrible guerra , por lo que ésta colonia cortó toda comunicación con la Tierra, para evitar un conflicto mayor. Varios años despues, se decide volver a establecer relaciones, por lo que envían a la Princesa Feena, como embajadora de buena voluntad. Todo va bien hasta que un joven de la Tierra establece contacto con la princesa? y comienzan los problemas.;media/uploads/350.jpg;12;F;3;sin especificar;1;1;sin observaciones;/;0350
208;Aoki Hagane no Arpeggio;"Año 2039, el aumento del nivel del mar, provocado por el calentamiento global, ha ocasionado que una gran extensión de tierra quedara completamente sumergida. Para desgracia de la humanidad, como si de una respuesta se tratase, un misterioso grupo de buques de guerra revestidos en niebla, ""La Flota de la Niebla"", apareció en todos los rincones del océano, comenzando a atacar a las flotas humanas. A pesar de haber reunido todas sus fuerzas, la humanidad fue completamente derrotada por la fuerza abrumadora de la Niebla. Todas las rutas comerciales fueron bloqueadas y la política económica destruida, golpeando de manera contundente a la raza humana. Siete años más tarde, el submarino I-401 de la Flota de la Niebla aparece frente al cadete Gunzou Chihaya. Iona, la forma de vida humanoide que pilotea al submarino que debiera ser su enemigo, ofrecerá, en cambio, sus servicios a la humanidad.";media/uploads/1164.jpg;12;F;4;Ciencia Ficcion, Militar;0;0;sin observaciones;/;1164
209;Kodomo no Jikan;sin descripción;media/uploads/60.jpg;18;F;3;sin especificar;1;1;sin observaciones;/;0060
210;Long Riders!;sin descripción;media/uploads/2601.jpg;12;F;2;Deportes;0;1;sin observaciones;/;2601
211;Stella Jogakuin Koutouka C3-Bu;sin descripción;media/uploads/stella-jogakuin-koutouka-c3-bu.jpg;13;F;4;sin especificar;0;1;sin observaciones;/;0
212;Monster Musume no Iru Nichijou;La historia toma lugar en un mundo donde los monstruos y más criaturas míticas llamadas “liminals” son reales, pero han estado ocultas de la población en general. Pero todo cambia con una nueva ley llamada “Acta de intercambio cultural de inter-especies”, que permitirá a estos seres adentrarse en la sociedad humana. Con la nueva reforma los intercambios estudiantiles y adopciones temporales entre las criaturas míticas y humanos se hacen comunes. La única condición es que ni los humanos lastimen a las a los Liminals, y viceversa. Tres años tras pasar esta ley, Kimihito Kurusu termina siendo parte del programa de intercambio por accidente, cuando Miia, un Lamia mitad-humano, mitad-serpiente.;media/uploads/2107.jpg;12;F;5;sin especificar;0;1;sin observaciones;/;2107
213;Fate/Grand Order: First Order;sin descripción;media/uploads/2639.jpg;1;F;5;Fantasia, Magia, Sobrenatural;1;1;sin observaciones;/;2639
214;Fate/kaleid liner Prisma☆Illya 3rei!! Special;sin descripción;media/uploads/2630.jpg;3;F;4;sin especificar;0;1;ovas;/;2630
215;Zero no Tsukaima;sin descripción;media/uploads/183.jpg;13;F;4;sin especificar;1;1;sin observaciones;/;0183
216;Zero no Tsukaima: Futatsuki no Kishi;sin descripción;media/uploads/184.jpg;12;F;5;sin especificar;1;1;sin observaciones;/;0184
217;Zero no Tsukaima: Princess no Rondo;sin descripción;media/uploads/265.jpg;12;F;5;sin especificar;1;1;sin observaciones;/;0265
218;Zero no Tsukaima: Final;sin descripción;media/uploads/724.jpg;12;F;5;sin especificar;1;1;sin observaciones;/;0724
219;Macross Zero;sin descripción;media/uploads/1590.jpg;5;F;5;Mecha, Militar;0;1;sin observaciones;/;1590
220;Wangan Midnight;sin descripción;media/uploads/1717.jpg;26;F;4;Deportes;1;1;sin observaciones;/;1717
221;Sland Dunk;Un estudiante de preparatoria llamado Hanamichi Sakuragi, que sufre una serie de rechazos amorosos hasta que un buen día conoce a una chica a quien le fascina el baloncesto. A causa de esto Hanamichi fingirá ser un deportista y se inscribirá en el club de baloncesto del colegio con la esperanza de poder impresionarla y salir con ella. Aunque con el tiempo descubrirá en el baloncesto un deporte que lo exigirá y pondrá a prueba sacando lo mejor de él.;media/uploads/335.jpg;101;F;5;Deportes;0;0;sin observaciones;/;0335
222;Schoolgirl Strikers: Animation Channel;sin descripción;media/uploads/2648.jpg;0;A;3;sin especificar;0;0;sin observaciones;/;2648
223;Reikenzan: Eichi e no Shikaku;sin descripción;media/uploads/2653.jpg;0;A;2;sin especificar;0;0;sin observaciones;/;2653
224;Demi-chan wa Kataritai;sin descripción;media/uploads/2652.jpg;0;A;4;Escolares, Comedia, Sobrenatural;0;0;sin observaciones;/;2652
225;Gabriel DropOut;sin descripción;media/uploads/2661.jpg;0;A;4;sin especificar;0;0;sin observaciones;/;2661
226;Little Witch Academia;sin descripción;media/uploads/2659.jpg;0;A;2;sin especificar;0;0;sin observaciones;/;2659
227;Yowamushi Pedal: New Generation;sin descripción;media/uploads/2663.jpg;0;A;4;Deportes;0;0;sin observaciones;/;2663
228;"ChäoS;Child";sin descripción;media/uploads/2670.jpg;0;A;3;Horror, Sobrenatural;0;0;sin observaciones;/;2670
229;Masamune-kun no Revenge;sin descripción;media/uploads/2642.jpg;0;A;5;Escolares, Comedia;0;0;sin observaciones;/;2642
230;ēlDLIVE;sin descripción;media/uploads/2655.jpg;0;A;3;sin especificar;0;0;sin observaciones;/;2655
231;Ao no Exorcist: Kyoto Fujouou-hen;sin descripción;media/uploads/2649.jpg;0;A;3;sin especificar;0;0;sin observaciones;/;2649
232;Strike the Blood II;sin descripción;media/uploads/2625.jpg;4;F;5;sin especificar;0;1;sin observaciones;/;2625
233;Yahari Ore no Seishun Love Comedy wa Machigatteiru. Zoku OVA;sin descripción;media/uploads/2612.jpg;1;F;5;Escolares, Comedia, Romance;1;1;sin observaciones;/;2612
234;Tales of Zestiria the X 2nd Season;sin descripción;media/uploads/2657.jpg;0;A;4;sin especificar;0;1;sin observaciones;/;2657
235;Fuuka;sin descripción;media/uploads/2645.jpg;12;A;4;sin especificar;0;0;sin observaciones;/;2645
236;Seiren;sin descripción;media/uploads/2644.jpg;12;A;4;Escolares, Romance;0;0;sin observaciones;/;2644
237;Urara Meirochou;sin descripción;media/uploads/2643.jpg;0;A;3;sin especificar;0;0;sin observaciones;/;2643
238;Dungeon ni Deai wo Motomeru no wa Machigatteiru Darou ka OVA;sin descripción;media/uploads/2631.jpg;1;F;4;sin especificar;1;1;sin observaciones;/;2631
239;Masou Gakuen HxH Special;sin descripción;media/uploads/2610.jpg;1;F;3;sin especificar;0;0;sin observaciones;/;2610
240;Brave Witches;sin descripción;media/uploads/2587.jpg;12;F;3;sin especificar;0;0;sin observaciones;/;2587
